-- phpMyAdmin SQL Dump
-- version 5.2.1
-- https://www.phpmyadmin.net/
--
-- Host: 127.0.0.1
-- Generation Time: Oct 04, 2025 at 10:37 PM
-- Server version: 10.4.32-MariaDB
-- PHP Version: 8.2.12

SET SQL_MODE = "NO_AUTO_VALUE_ON_ZERO";
START TRANSACTION;
SET time_zone = "+00:00";


/*!40101 SET @OLD_CHARACTER_SET_CLIENT=@@CHARACTER_SET_CLIENT */;
/*!40101 SET @OLD_CHARACTER_SET_RESULTS=@@CHARACTER_SET_RESULTS */;
/*!40101 SET @OLD_COLLATION_CONNECTION=@@COLLATION_CONNECTION */;
/*!40101 SET NAMES utf8mb4 */;

--
-- Database: `laravel12_app3_kit_roles_permissions`
--

-- --------------------------------------------------------

--
-- Table structure for table `cache`
--

CREATE TABLE `cache` (
  `key` varchar(255) NOT NULL,
  `value` mediumtext NOT NULL,
  `expiration` int(11) NOT NULL
) ENGINE=InnoDB DEFAULT CHARSET=utf8mb4 COLLATE=utf8mb4_unicode_ci;

--
-- Dumping data for table `cache`
--

INSERT INTO `cache` (`key`, `value`, `expiration`) VALUES
('laravel_cache_spatie.permission.cache', 'a:3:{s:5:\"alias\";a:4:{s:1:\"a\";s:2:\"id\";s:1:\"b\";s:4:\"name\";s:1:\"c\";s:10:\"guard_name\";s:1:\"r\";s:5:\"roles\";}s:11:\"permissions\";a:8:{i:0;a:4:{s:1:\"a\";i:1;s:1:\"b\";s:10:\"users.view\";s:1:\"c\";s:3:\"web\";s:1:\"r\";a:3:{i:0;i:1;i:1;i:3;i:2;i:4;}}i:1;a:4:{s:1:\"a\";i:2;s:1:\"b\";s:10:\"users.edit\";s:1:\"c\";s:3:\"web\";s:1:\"r\";a:2:{i:0;i:3;i:1;i:4;}}i:2;a:4:{s:1:\"a\";i:3;s:1:\"b\";s:12:\"users.delete\";s:1:\"c\";s:3:\"web\";s:1:\"r\";a:1:{i:0;i:4;}}i:3;a:4:{s:1:\"a\";i:4;s:1:\"b\";s:12:\"users.create\";s:1:\"c\";s:3:\"web\";s:1:\"r\";a:2:{i:0;i:3;i:1;i:4;}}i:4;a:4:{s:1:\"a\";i:5;s:1:\"b\";s:10:\"roles.view\";s:1:\"c\";s:3:\"web\";s:1:\"r\";a:2:{i:0;i:1;i:1;i:4;}}i:5;a:4:{s:1:\"a\";i:6;s:1:\"b\";s:10:\"roles.edit\";s:1:\"c\";s:3:\"web\";s:1:\"r\";a:1:{i:0;i:4;}}i:6;a:4:{s:1:\"a\";i:7;s:1:\"b\";s:12:\"roles.delete\";s:1:\"c\";s:3:\"web\";s:1:\"r\";a:1:{i:0;i:4;}}i:7;a:4:{s:1:\"a\";i:8;s:1:\"b\";s:12:\"roles.create\";s:1:\"c\";s:3:\"web\";s:1:\"r\";a:1:{i:0;i:4;}}}s:5:\"roles\";a:3:{i:0;a:3:{s:1:\"a\";i:1;s:1:\"b\";s:4:\"User\";s:1:\"c\";s:3:\"web\";}i:1;a:3:{s:1:\"a\";i:3;s:1:\"b\";s:7:\"Manager\";s:1:\"c\";s:3:\"web\";}i:2;a:3:{s:1:\"a\";i:4;s:1:\"b\";s:5:\"Admin\";s:1:\"c\";s:3:\"web\";}}}', 1756627564),
('lr_rolespermissions_pagination_flashmessage_cache_spatie.permission.cache', 'a:3:{s:5:\"alias\";a:4:{s:1:\"a\";s:2:\"id\";s:1:\"b\";s:4:\"name\";s:1:\"c\";s:10:\"guard_name\";s:1:\"r\";s:5:\"roles\";}s:11:\"permissions\";a:8:{i:0;a:4:{s:1:\"a\";i:1;s:1:\"b\";s:10:\"users.view\";s:1:\"c\";s:3:\"web\";s:1:\"r\";a:3:{i:0;i:1;i:1;i:3;i:2;i:4;}}i:1;a:4:{s:1:\"a\";i:2;s:1:\"b\";s:10:\"users.edit\";s:1:\"c\";s:3:\"web\";s:1:\"r\";a:2:{i:0;i:3;i:1;i:4;}}i:2;a:4:{s:1:\"a\";i:3;s:1:\"b\";s:12:\"users.delete\";s:1:\"c\";s:3:\"web\";s:1:\"r\";a:1:{i:0;i:4;}}i:3;a:4:{s:1:\"a\";i:4;s:1:\"b\";s:12:\"users.create\";s:1:\"c\";s:3:\"web\";s:1:\"r\";a:2:{i:0;i:3;i:1;i:4;}}i:4;a:4:{s:1:\"a\";i:5;s:1:\"b\";s:10:\"roles.view\";s:1:\"c\";s:3:\"web\";s:1:\"r\";a:2:{i:0;i:1;i:1;i:4;}}i:5;a:4:{s:1:\"a\";i:6;s:1:\"b\";s:10:\"roles.edit\";s:1:\"c\";s:3:\"web\";s:1:\"r\";a:1:{i:0;i:4;}}i:6;a:4:{s:1:\"a\";i:7;s:1:\"b\";s:12:\"roles.delete\";s:1:\"c\";s:3:\"web\";s:1:\"r\";a:1:{i:0;i:4;}}i:7;a:4:{s:1:\"a\";i:8;s:1:\"b\";s:12:\"roles.create\";s:1:\"c\";s:3:\"web\";s:1:\"r\";a:1:{i:0;i:4;}}}s:5:\"roles\";a:3:{i:0;a:3:{s:1:\"a\";i:1;s:1:\"b\";s:4:\"User\";s:1:\"c\";s:3:\"web\";}i:1;a:3:{s:1:\"a\";i:3;s:1:\"b\";s:7:\"Manager\";s:1:\"c\";s:3:\"web\";}i:2;a:3:{s:1:\"a\";i:4;s:1:\"b\";s:5:\"Admin\";s:1:\"c\";s:3:\"web\";}}}', 1756678267);

-- --------------------------------------------------------

--
-- Table structure for table `cache_locks`
--

CREATE TABLE `cache_locks` (
  `key` varchar(255) NOT NULL,
  `owner` varchar(255) NOT NULL,
  `expiration` int(11) NOT NULL
) ENGINE=InnoDB DEFAULT CHARSET=utf8mb4 COLLATE=utf8mb4_unicode_ci;

-- --------------------------------------------------------

--
-- Table structure for table `failed_jobs`
--

CREATE TABLE `failed_jobs` (
  `id` bigint(20) UNSIGNED NOT NULL,
  `uuid` varchar(255) NOT NULL,
  `connection` text NOT NULL,
  `queue` text NOT NULL,
  `payload` longtext NOT NULL,
  `exception` longtext NOT NULL,
  `failed_at` timestamp NOT NULL DEFAULT current_timestamp()
) ENGINE=InnoDB DEFAULT CHARSET=utf8mb4 COLLATE=utf8mb4_unicode_ci;

-- --------------------------------------------------------

--
-- Table structure for table `jobs`
--

CREATE TABLE `jobs` (
  `id` bigint(20) UNSIGNED NOT NULL,
  `queue` varchar(255) NOT NULL,
  `payload` longtext NOT NULL,
  `attempts` tinyint(3) UNSIGNED NOT NULL,
  `reserved_at` int(10) UNSIGNED DEFAULT NULL,
  `available_at` int(10) UNSIGNED NOT NULL,
  `created_at` int(10) UNSIGNED NOT NULL
) ENGINE=InnoDB DEFAULT CHARSET=utf8mb4 COLLATE=utf8mb4_unicode_ci;

-- --------------------------------------------------------

--
-- Table structure for table `job_batches`
--

CREATE TABLE `job_batches` (
  `id` varchar(255) NOT NULL,
  `name` varchar(255) NOT NULL,
  `total_jobs` int(11) NOT NULL,
  `pending_jobs` int(11) NOT NULL,
  `failed_jobs` int(11) NOT NULL,
  `failed_job_ids` longtext NOT NULL,
  `options` mediumtext DEFAULT NULL,
  `cancelled_at` int(11) DEFAULT NULL,
  `created_at` int(11) NOT NULL,
  `finished_at` int(11) DEFAULT NULL
) ENGINE=InnoDB DEFAULT CHARSET=utf8mb4 COLLATE=utf8mb4_unicode_ci;

-- --------------------------------------------------------

--
-- Table structure for table `migrations`
--

CREATE TABLE `migrations` (
  `id` int(10) UNSIGNED NOT NULL,
  `migration` varchar(255) NOT NULL,
  `batch` int(11) NOT NULL
) ENGINE=InnoDB DEFAULT CHARSET=utf8mb4 COLLATE=utf8mb4_unicode_ci;

--
-- Dumping data for table `migrations`
--

INSERT INTO `migrations` (`id`, `migration`, `batch`) VALUES
(1, '0001_01_01_000000_create_users_table', 1),
(2, '0001_01_01_000001_create_cache_table', 1),
(3, '0001_01_01_000002_create_jobs_table', 1),
(4, '2025_08_27_192107_create_permission_tables', 2);

-- --------------------------------------------------------

--
-- Table structure for table `model_has_permissions`
--

CREATE TABLE `model_has_permissions` (
  `permission_id` bigint(20) UNSIGNED NOT NULL,
  `model_type` varchar(255) NOT NULL,
  `model_id` bigint(20) UNSIGNED NOT NULL
) ENGINE=InnoDB DEFAULT CHARSET=utf8mb4 COLLATE=utf8mb4_unicode_ci;

-- --------------------------------------------------------

--
-- Table structure for table `model_has_roles`
--

CREATE TABLE `model_has_roles` (
  `role_id` bigint(20) UNSIGNED NOT NULL,
  `model_type` varchar(255) NOT NULL,
  `model_id` bigint(20) UNSIGNED NOT NULL
) ENGINE=InnoDB DEFAULT CHARSET=utf8mb4 COLLATE=utf8mb4_unicode_ci;

--
-- Dumping data for table `model_has_roles`
--

INSERT INTO `model_has_roles` (`role_id`, `model_type`, `model_id`) VALUES
(1, 'App\\Models\\User', 3),
(1, 'App\\Models\\User', 8),
(3, 'App\\Models\\User', 7),
(4, 'App\\Models\\User', 1);

-- --------------------------------------------------------

--
-- Table structure for table `password_reset_tokens`
--

CREATE TABLE `password_reset_tokens` (
  `email` varchar(255) NOT NULL,
  `token` varchar(255) NOT NULL,
  `created_at` timestamp NULL DEFAULT NULL
) ENGINE=InnoDB DEFAULT CHARSET=utf8mb4 COLLATE=utf8mb4_unicode_ci;

-- --------------------------------------------------------

--
-- Table structure for table `permissions`
--

CREATE TABLE `permissions` (
  `id` bigint(20) UNSIGNED NOT NULL,
  `name` varchar(255) NOT NULL,
  `guard_name` varchar(255) NOT NULL,
  `created_at` timestamp NULL DEFAULT NULL,
  `updated_at` timestamp NULL DEFAULT NULL
) ENGINE=InnoDB DEFAULT CHARSET=utf8mb4 COLLATE=utf8mb4_unicode_ci;

--
-- Dumping data for table `permissions`
--

INSERT INTO `permissions` (`id`, `name`, `guard_name`, `created_at`, `updated_at`) VALUES
(1, 'users.view', 'web', '2025-08-27 14:04:20', '2025-08-27 14:04:20'),
(2, 'users.edit', 'web', '2025-08-27 14:04:21', '2025-08-27 14:04:21'),
(3, 'users.delete', 'web', '2025-08-27 14:04:21', '2025-08-27 14:04:21'),
(4, 'users.create', 'web', '2025-08-27 14:04:21', '2025-08-27 14:04:21'),
(5, 'roles.view', 'web', '2025-08-27 14:04:21', '2025-08-27 14:04:21'),
(6, 'roles.edit', 'web', '2025-08-27 14:04:21', '2025-08-27 14:04:21'),
(7, 'roles.delete', 'web', '2025-08-27 14:04:21', '2025-08-27 14:04:21'),
(8, 'roles.create', 'web', '2025-08-27 14:04:21', '2025-08-27 14:04:21');

-- --------------------------------------------------------

--
-- Table structure for table `roles`
--

CREATE TABLE `roles` (
  `id` bigint(20) UNSIGNED NOT NULL,
  `name` varchar(255) NOT NULL,
  `guard_name` varchar(255) NOT NULL,
  `created_at` timestamp NULL DEFAULT NULL,
  `updated_at` timestamp NULL DEFAULT NULL
) ENGINE=InnoDB DEFAULT CHARSET=utf8mb4 COLLATE=utf8mb4_unicode_ci;

--
-- Dumping data for table `roles`
--

INSERT INTO `roles` (`id`, `name`, `guard_name`, `created_at`, `updated_at`) VALUES
(1, 'User', 'web', '2025-08-27 16:00:44', '2025-08-28 01:51:41'),
(3, 'Manager', 'web', '2025-08-28 01:53:05', '2025-08-28 01:53:05'),
(4, 'Admin', 'web', '2025-08-28 01:53:23', '2025-08-28 01:53:23');

-- --------------------------------------------------------

--
-- Table structure for table `role_has_permissions`
--

CREATE TABLE `role_has_permissions` (
  `permission_id` bigint(20) UNSIGNED NOT NULL,
  `role_id` bigint(20) UNSIGNED NOT NULL
) ENGINE=InnoDB DEFAULT CHARSET=utf8mb4 COLLATE=utf8mb4_unicode_ci;

--
-- Dumping data for table `role_has_permissions`
--

INSERT INTO `role_has_permissions` (`permission_id`, `role_id`) VALUES
(1, 1),
(1, 3),
(1, 4),
(2, 3),
(2, 4),
(3, 4),
(4, 3),
(4, 4),
(5, 1),
(5, 4),
(6, 4),
(7, 4),
(8, 4);

-- --------------------------------------------------------

--
-- Table structure for table `sessions`
--

CREATE TABLE `sessions` (
  `id` varchar(255) NOT NULL,
  `user_id` bigint(20) UNSIGNED DEFAULT NULL,
  `ip_address` varchar(45) DEFAULT NULL,
  `user_agent` text DEFAULT NULL,
  `payload` longtext NOT NULL,
  `last_activity` int(11) NOT NULL
) ENGINE=InnoDB DEFAULT CHARSET=utf8mb4 COLLATE=utf8mb4_unicode_ci;

--
-- Dumping data for table `sessions`
--

INSERT INTO `sessions` (`id`, `user_id`, `ip_address`, `user_agent`, `payload`, `last_activity`) VALUES
('8d8UXurYvqlbj5Rn4xvrpvVlPShTesglz8G4Eu12', NULL, '127.0.0.1', 'Mozilla/5.0 (Windows NT 10.0; Win64; x64) AppleWebKit/537.36 (KHTML, like Gecko) Chrome/139.0.0.0 Safari/537.36 Edg/139.0.0.0', 'YTozOntzOjY6Il90b2tlbiI7czo0MDoieldSSlJxdmVNVUlUVzlodGFaUWVhMGxSZzdVWGNmVlA0aWpKZUhydyI7czo5OiJfcHJldmlvdXMiO2E6MTp7czozOiJ1cmwiO3M6MjE6Imh0dHA6Ly9sb2NhbGhvc3Q6ODAwMCI7fXM6NjoiX2ZsYXNoIjthOjI6e3M6Mzoib2xkIjthOjA6e31zOjM6Im5ldyI7YTowOnt9fX0=', 1756591723),
('amh9uImQAZouk1N5wNmoaVlnrpGgPusAyiKndro3', NULL, '127.0.0.1', 'Mozilla/5.0 (Windows NT 10.0; Win64; x64) AppleWebKit/537.36 (KHTML, like Gecko) Chrome/139.0.0.0 Safari/537.36 Edg/139.0.0.0', 'YTo0OntzOjY6Il90b2tlbiI7czo0MDoieFVHZzNJR3hSemJvdlI4bU9ORDNnZkJnZ3gyRnllTFI5UERvWGtSQSI7czozOiJ1cmwiO2E6MTp7czo4OiJpbnRlbmRlZCI7czozNDoiaHR0cDovL2xvY2FsaG9zdDo4MDAwL3VzZXJzP3BhZ2U9MSI7fXM6OToiX3ByZXZpb3VzIjthOjE6e3M6MzoidXJsIjtzOjIxOiJodHRwOi8vbG9jYWxob3N0OjgwMDAiO31zOjY6Il9mbGFzaCI7YToyOntzOjM6Im9sZCI7YTowOnt9czozOiJuZXciO2E6MDp7fX19', 1756591730),
('FL4LGDLweDCPNCVs0xK3NhtGFQmdFyOUVHUdf07D', NULL, '127.0.0.1', 'Mozilla/5.0 (Windows NT 10.0; Win64; x64) AppleWebKit/537.36 (KHTML, like Gecko) Chrome/139.0.0.0 Safari/537.36 Edg/139.0.0.0', 'YTozOntzOjY6Il90b2tlbiI7czo0MDoiRkdpZ0xvT21VSXJDVmNJMnlkcmJvajg2Qk9OcnhNSWV5d3RqcDZrayI7czo5OiJfcHJldmlvdXMiO2E6MTp7czozOiJ1cmwiO3M6MjE6Imh0dHA6Ly9sb2NhbGhvc3Q6ODAwMCI7fXM6NjoiX2ZsYXNoIjthOjI6e3M6Mzoib2xkIjthOjA6e31zOjM6Im5ldyI7YTowOnt9fX0=', 1756591741),
('sJqFi4R5dDGb38g8MH32PHzw7EK5le4NloDU6qiW', NULL, '127.0.0.1', 'Mozilla/5.0 (iPhone; CPU iPhone OS 15_0 like Mac OS X) AppleWebKit/603.1.30 (KHTML, like Gecko) Version/17.5 Mobile/15A5370a Safari/602.1', 'YTo0OntzOjY6Il90b2tlbiI7czo0MDoieE11aGNrZ0JaR1BlQ1Vic1N3SXhxNlBSTWM3V0VCVk9SMnhrRTF3UyI7czozOiJ1cmwiO2E6MTp7czo4OiJpbnRlbmRlZCI7czozNDoiaHR0cDovL2xvY2FsaG9zdDo4MDAwL3VzZXJzP3BhZ2U9MSI7fXM6OToiX3ByZXZpb3VzIjthOjE6e3M6MzoidXJsIjtzOjI3OiJodHRwOi8vbG9jYWxob3N0OjgwMDAvbG9naW4iO31zOjY6Il9mbGFzaCI7YToyOntzOjM6Im9sZCI7YTowOnt9czozOiJuZXciO2E6MDp7fX19', 1756591668),
('SpM4HeSobtf5VMn4hJBzTGtp9s0BpxgH68gxBNuE', NULL, '127.0.0.1', 'Mozilla/5.0 (Windows NT 10.0; Win64; x64) AppleWebKit/537.36 (KHTML, like Gecko) Chrome/139.0.0.0 Safari/537.36 Edg/139.0.0.0', 'YTozOntzOjY6Il90b2tlbiI7czo0MDoiM2tValhUdkNnSFNUYXloNEhTektWdVhING5wa0d5bG1GVG9WMTh0aSI7czo5OiJfcHJldmlvdXMiO2E6MTp7czozOiJ1cmwiO3M6MjE6Imh0dHA6Ly9sb2NhbGhvc3Q6ODAwMCI7fXM6NjoiX2ZsYXNoIjthOjI6e3M6Mzoib2xkIjthOjA6e31zOjM6Im5ldyI7YTowOnt9fX0=', 1756591735),
('wyUsZDiZgcZTHFIvanReVy6FKSq2V1BcLm4p3axP', NULL, '127.0.0.1', 'Mozilla/5.0 (Windows NT 10.0; Win64; x64) AppleWebKit/537.36 (KHTML, like Gecko) Chrome/139.0.0.0 Safari/537.36 Edg/139.0.0.0', 'YToyOntzOjY6Il90b2tlbiI7czo0MDoiUzg0UkZ6RWxqS1pmTXN2MFV0d084anZLTk83dkNNTDFKdlRZdDQwcyI7czo2OiJfZmxhc2giO2E6Mjp7czozOiJvbGQiO2E6MDp7fXM6MzoibmV3IjthOjA6e319fQ==', 1756592902);

-- --------------------------------------------------------

--
-- Table structure for table `users`
--

CREATE TABLE `users` (
  `id` bigint(20) UNSIGNED NOT NULL,
  `name` varchar(255) NOT NULL,
  `email` varchar(255) NOT NULL,
  `email_verified_at` timestamp NULL DEFAULT NULL,
  `password` varchar(255) NOT NULL,
  `remember_token` varchar(100) DEFAULT NULL,
  `created_at` timestamp NULL DEFAULT NULL,
  `updated_at` timestamp NULL DEFAULT NULL
) ENGINE=InnoDB DEFAULT CHARSET=utf8mb4 COLLATE=utf8mb4_unicode_ci;

--
-- Dumping data for table `users`
--

INSERT INTO `users` (`id`, `name`, `email`, `email_verified_at`, `password`, `remember_token`, `created_at`, `updated_at`) VALUES
(1, 'Ravi', 'raviup198@gmail.com', NULL, '$2y$12$OayBk31qn8YRBEWaUct/Nul4Mq38uzoIjh0ERECFyZOzlPXmaW8ze', 'OAzduiZf9XRdJlPlPM4nfm2JrPiyCj0JdeG2LPx7DQOf1Vt78bsqOU8shrLh', '2025-08-23 13:44:26', '2025-08-27 13:39:07'),
(3, 'Test User', 'test@gmail.com', NULL, '$2y$12$i4JdGeI2KyxN1/4IlexNreUg8ls33Uq2HsoGvgB28y63kgqsgdhw6', 'A2i1a6RgMeA0f9CmtkOGgKgoDCRBCtSzOP6U25ednsnBDvmDMQDduj6td53f', '2025-08-27 13:40:38', '2025-08-30 00:03:55'),
(7, 'Test Manager', 'manager@gmail.com', NULL, '$2y$12$8m87JsqW91hwHQfwoC.iaOvS0xnnn0NIrZTVf/N0iL5NZqzukLlTi', NULL, '2025-08-30 02:52:38', '2025-08-30 02:52:38'),
(8, 'New User', 'newuser@gmail.com', NULL, '$2y$12$gH1Xu62Do3ccZ8j3JX9breCsjcZb43MpgtLt3RdW77x.G9zjNCBre', NULL, '2025-08-30 03:21:15', '2025-08-30 03:21:15');

--
-- Indexes for dumped tables
--

--
-- Indexes for table `cache`
--
ALTER TABLE `cache`
  ADD PRIMARY KEY (`key`);

--
-- Indexes for table `cache_locks`
--
ALTER TABLE `cache_locks`
  ADD PRIMARY KEY (`key`);

--
-- Indexes for table `failed_jobs`
--
ALTER TABLE `failed_jobs`
  ADD PRIMARY KEY (`id`),
  ADD UNIQUE KEY `failed_jobs_uuid_unique` (`uuid`);

--
-- Indexes for table `jobs`
--
ALTER TABLE `jobs`
  ADD PRIMARY KEY (`id`),
  ADD KEY `jobs_queue_index` (`queue`);

--
-- Indexes for table `job_batches`
--
ALTER TABLE `job_batches`
  ADD PRIMARY KEY (`id`);

--
-- Indexes for table `migrations`
--
ALTER TABLE `migrations`
  ADD PRIMARY KEY (`id`);

--
-- Indexes for table `model_has_permissions`
--
ALTER TABLE `model_has_permissions`
  ADD PRIMARY KEY (`permission_id`,`model_id`,`model_type`),
  ADD KEY `model_has_permissions_model_id_model_type_index` (`model_id`,`model_type`);

--
-- Indexes for table `model_has_roles`
--
ALTER TABLE `model_has_roles`
  ADD PRIMARY KEY (`role_id`,`model_id`,`model_type`),
  ADD KEY `model_has_roles_model_id_model_type_index` (`model_id`,`model_type`);

--
-- Indexes for table `password_reset_tokens`
--
ALTER TABLE `password_reset_tokens`
  ADD PRIMARY KEY (`email`);

--
-- Indexes for table `permissions`
--
ALTER TABLE `permissions`
  ADD PRIMARY KEY (`id`),
  ADD UNIQUE KEY `permissions_name_guard_name_unique` (`name`,`guard_name`);

--
-- Indexes for table `roles`
--
ALTER TABLE `roles`
  ADD PRIMARY KEY (`id`),
  ADD UNIQUE KEY `roles_name_guard_name_unique` (`name`,`guard_name`);

--
-- Indexes for table `role_has_permissions`
--
ALTER TABLE `role_has_permissions`
  ADD PRIMARY KEY (`permission_id`,`role_id`),
  ADD KEY `role_has_permissions_role_id_foreign` (`role_id`);

--
-- Indexes for table `sessions`
--
ALTER TABLE `sessions`
  ADD PRIMARY KEY (`id`),
  ADD KEY `sessions_user_id_index` (`user_id`),
  ADD KEY `sessions_last_activity_index` (`last_activity`);

--
-- Indexes for table `users`
--
ALTER TABLE `users`
  ADD PRIMARY KEY (`id`),
  ADD UNIQUE KEY `users_email_unique` (`email`);

--
-- AUTO_INCREMENT for dumped tables
--

--
-- AUTO_INCREMENT for table `failed_jobs`
--
ALTER TABLE `failed_jobs`
  MODIFY `id` bigint(20) UNSIGNED NOT NULL AUTO_INCREMENT;

--
-- AUTO_INCREMENT for table `jobs`
--
ALTER TABLE `jobs`
  MODIFY `id` bigint(20) UNSIGNED NOT NULL AUTO_INCREMENT;

--
-- AUTO_INCREMENT for table `migrations`
--
ALTER TABLE `migrations`
  MODIFY `id` int(10) UNSIGNED NOT NULL AUTO_INCREMENT, AUTO_INCREMENT=5;

--
-- AUTO_INCREMENT for table `permissions`
--
ALTER TABLE `permissions`
  MODIFY `id` bigint(20) UNSIGNED NOT NULL AUTO_INCREMENT, AUTO_INCREMENT=9;

--
-- AUTO_INCREMENT for table `roles`
--
ALTER TABLE `roles`
  MODIFY `id` bigint(20) UNSIGNED NOT NULL AUTO_INCREMENT, AUTO_INCREMENT=5;

--
-- AUTO_INCREMENT for table `users`
--
ALTER TABLE `users`
  MODIFY `id` bigint(20) UNSIGNED NOT NULL AUTO_INCREMENT, AUTO_INCREMENT=10;

--
-- Constraints for dumped tables
--

--
-- Constraints for table `model_has_permissions`
--
ALTER TABLE `model_has_permissions`
  ADD CONSTRAINT `model_has_permissions_permission_id_foreign` FOREIGN KEY (`permission_id`) REFERENCES `permissions` (`id`) ON DELETE CASCADE;

--
-- Constraints for table `model_has_roles`
--
ALTER TABLE `model_has_roles`
  ADD CONSTRAINT `model_has_roles_role_id_foreign` FOREIGN KEY (`role_id`) REFERENCES `roles` (`id`) ON DELETE CASCADE;

--
-- Constraints for table `role_has_permissions`
--
ALTER TABLE `role_has_permissions`
  ADD CONSTRAINT `role_has_permissions_permission_id_foreign` FOREIGN KEY (`permission_id`) REFERENCES `permissions` (`id`) ON DELETE CASCADE,
  ADD CONSTRAINT `role_has_permissions_role_id_foreign` FOREIGN KEY (`role_id`) REFERENCES `roles` (`id`) ON DELETE CASCADE;
COMMIT;

/*!40101 SET CHARACTER_SET_CLIENT=@OLD_CHARACTER_SET_CLIENT */;
/*!40101 SET CHARACTER_SET_RESULTS=@OLD_CHARACTER_SET_RESULTS */;
/*!40101 SET COLLATION_CONNECTION=@OLD_COLLATION_CONNECTION */;
